{"controllers":[{"left_stick":{"deadzone":40,"samples":[1.0047944,1.0283935,1.0577046,1.1312757,1.1604266,1.1202378,1.0610723,1.0423555,1.0047944,1.0168439,1.0020356,1.036912,1.0418833,0.91695976,0.86816484,0.8663206,0.89825326,0.85854596,0.85409206,0.90337485,0.9489386,0.92177725,0.88054717,0.89647096,0.94939226,0.98825085,0.97041196,1.0050392,1.0740374,1.0589833,0.99457973,1.0055898]},"right_stick":{"deadzone":33,"samples":[0.7726386,0.75353324,0.7596313,0.7945412,0.82701415,0.7759753,0.7420992,0.75353324,0.7519806,0.71456534,0.7033725,0.736775,0.74060565,0.68314135,0.64383036,0.6660898,0.6575384,0.62017846,0.608867,0.64249134,0.68771833,0.665905,0.64887446,0.6756261,0.7111135,0.7077318,0.6964291,0.7319164,0.7958563,0.7788239,0.73040205,0.74664444]},"l1_range":[0,255],"r1_range":[0,255],"l2_range":[32,235],"r2_range":[44,234],"remap":[0,1,2,3,4,5,6,7,8,9,10,11,12,13,14,15,16,17,18,19,20,21,22,23,24,25,26,27,28,29,30,31,32,33,34,35,36,37,38,39,40,41,42,43,44,45,46,47,48,49,50,51,52,53,54,55,56,57,58,59,60,61,62,63]}],"motions":[],"analogs":[],"buttons":[],"touch_pads":[]}